genbank,locus_tag,gene_name,strand,n,offset,position_offset,GC,sgRNA,PAM,downstream,sequence,off_target_n,off_target_CDS,off_target_gene,off_target_locus_tag
GCF_000009045.1_ASM904v1_genomic.gbff,BSU_35700,tagH,-1,1,91,3675057,0.3,AAAAAACCATTATCCTTAGC,CGG,AAAAAACAATCCTTT,AAAAAACCATTATCCTTAGCCGGAAAAAACAATCCTTT,1,1,cshB,BSU_25140
GCF_000009045.1_ASM904v1_genomic.gbff,BSU_35700,tagH,-1,2,131,3675017,0.5,CTCCCCTTCATACACGTCAA,AGG,AGACATTCCGCACAG,CTCCCCTTCATACACGTCAAAGGAGACATTCCGCACAG,2,2,ykoN; recG,BSU_13350; BSU_15870
GCF_000009045.1_ASM904v1_genomic.gbff,BSU_35700,tagH,-1,3,194,3674954,0.45,TTTAGCCAGCAGGTTAGACA,TGG,TCGATTTTCCTGACC,TTTAGCCAGCAGGTTAGACATGGTCGATTTTCCTGACC,0,0,,
GCF_000009045.1_ASM904v1_genomic.gbff,BSU_35700,tagH,-1,4,204,3674944,0.45,GCGGAATAATTTTAGCCAGC,AGG,TTAGACATGGTCGAT,GCGGAATAATTTTAGCCAGCAGGTTAGACATGGTCGAT,1,1,nrdR,BSU_29000
GCF_000009045.1_ASM904v1_genomic.gbff,BSU_35700,tagH,-1,5,223,3674925,0.55,TCAATTTCACCGCTGGTCGG,CGG,AATAATTTTAGCCAG,TCAATTTCACCGCTGGTCGGCGGAATAATTTTAGCCAG,2,2,pbtO; pksL,BSU_03810; BSU_17190
GCF_000009045.1_ASM904v1_genomic.gbff,BSU_35700,tagH,-1,6,226,3674922,0.4,ATTTCAATTTCACCGCTGGT,CGG,CGGAATAATTTTAGC,ATTTCAATTTCACCGCTGGTCGGCGGAATAATTTTAGC,0,0,,
GCF_000009045.1_ASM904v1_genomic.gbff,BSU_35700,tagH,-1,7,230,3674918,0.4,GTTCATTTCAATTTCACCGC,TGG,TCGGCGGAATAATTT,GTTCATTTCAATTTCACCGCTGGTCGGCGGAATAATTT,5,5,amhX; mcpB; comFA; hxlB; recQ,BSU_03010; BSU_31260; BSU_35470; BSU_03450; BSU_19220
GCF_000009045.1_ASM904v1_genomic.gbff,BSU_35700,tagH,-1,8,255,3674893,0.6,CAATCGCAATCAGCGACGGC,TGG,CCGTTCATTTCAATT,CAATCGCAATCAGCGACGGCTGGCCGTTCATTTCAATT,2,2,nagP; ohrB,BSU_07700; BSU_13160
GCF_000009045.1_ASM904v1_genomic.gbff,BSU_35700,tagH,-1,9,259,3674889,0.55,GCAGCAATCGCAATCAGCGA,CGG,CTGGCCGTTCATTTC,GCAGCAATCGCAATCAGCGACGGCTGGCCGTTCATTTC,1,1,ylaJ,BSU_14800
GCF_000009045.1_ASM904v1_genomic.gbff,BSU_35700,tagH,-1,10,281,3674867,0.3,CGTTAATTGGTTATTCAAAC,CGG,CAGCAATCGCAATCA,CGTTAATTGGTTATTCAAACCGGCAGCAATCGCAATCA,8,8,ktrD; pksR; mdxK; yxeJ; yfhO; yttB; menD; cotNH,BSU_13500; BSU_17220; BSU_34570; BSU_39530; BSU_08610; BSU_30350; BSU_30820; BSU_32270
GCF_000009045.1_ASM904v1_genomic.gbff,BSU_35700,tagH,-1,11,294,3674854,0.55,CATTGTCCCGGCCCGTTAAT,TGG,TTATTCAAACCGGCA,CATTGTCCCGGCCCGTTAATTGGTTATTCAAACCGGCA,1,1,pupG,BSU_23490
GCF_000009045.1_ASM904v1_genomic.gbff,BSU_35700,tagH,-1,12,306,3674842,0.55,ACTTGAGCCGGACATTGTCC,CGG,CCCGTTAATTGGTTA,ACTTGAGCCGGACATTGTCCCGGCCCGTTAATTGGTTA,2,2,alsR; liaE,BSU_36020; BSU_40170
GCF_000009045.1_ASM904v1_genomic.gbff,BSU_35700,tagH,-1,13,318,3674830,0.45,CCATCATCAAACACTTGAGC,CGG,ACATTGTCCCGGCCC,CCATCATCAAACACTTGAGCCGGACATTGTCCCGGCCC,2,2,yqhQ; ganA,BSU_24490; BSU_34130
GCF_000009045.1_ASM904v1_genomic.gbff,BSU_35700,tagH,-1,14,347,3674801,0.2,CATATCATCAATTTCTTTAT,TGG,TTAACCCCATCATCA,CATATCATCAATTTCTTTATTGGTTAACCCCATCATCA,7,7,glyS; tuaH; mfd; mdr; ogt; pksL; yunE,BSU_25260; BSU_35540; BSU_00550; BSU_03070; BSU_13540; BSU_17190; BSU_32380
GCF_000009045.1_ASM904v1_genomic.gbff,BSU_35700,tagH,-1,15,392,3674756,0.25,ATTAATAAAATCGCCAATCT,CGG,CAAATTCAACGATGC,ATTAATAAAATCGCCAATCTCGGCAAATTCAACGATGC,0,0,,
GCF_000009045.1_ASM904v1_genomic.gbff,BSU_35700,tagH,-1,16,418,3674730,0.4,CCGCTGGAATAGTTTTTAAC,CGG,CTGATTAATAAAATC,CCGCTGGAATAGTTTTTAACCGGCTGATTAATAAAATC,4,4,mrpD; purH; murE; ytkL,BSU_31630; BSU_06520; BSU_15180; BSU_29410
GCF_000009045.1_ASM904v1_genomic.gbff,BSU_35700,tagH,-1,17,434,3674714,0.65,GAGACGCGACTTCATCCCGC,TGG,AATAGTTTTTAACCG,GAGACGCGACTTCATCCCGCTGGAATAGTTTTTAACCG,2,2,pucC; pnbA,BSU_32490; BSU_34390
GCF_000009045.1_ASM904v1_genomic.gbff,BSU_35700,tagH,-1,18,470,3674678,0.35,AATGTCAGGATCAATATGCA,CGG,AGATCGCGAAACCGA,AATGTCAGGATCAATATGCACGGAGATCGCGAAACCGA,2,2,pbpH; trpE,BSU_13980; BSU_22680
GCF_000009045.1_ASM904v1_genomic.gbff,BSU_35700,tagH,-1,19,484,3674664,0.25,TCGTCAATAATTAAAATGTC,AGG,ATCAATATGCACGGA,TCGTCAATAATTAAAATGTCAGGATCAATATGCACGGA,5,3,ydeF; ykrP; ydhJ,BSU_05180; BSU_13520; BSU_05780
GCF_000009045.1_ASM904v1_genomic.gbff,BSU_35700,tagH,-1,20,525,3674623,0.35,CACACTTCTGATAAAACGTT,TGG,TCCCCCACAGAAAGA,CACACTTCTGATAAAACGTTTGGTCCCCCACAGAAAGA,4,4,mapA; mutSB; glgP; liaM,BSU_01380; BSU_28580; BSU_30940; BSU_40140
GCF_000009045.1_ASM904v1_genomic.gbff,BSU_35700,tagH,-1,21,600,3674548,0.4,TTTCAATCTGACCGATTGAG,TGG,CTGACAAAGAAAATC,TTTCAATCTGACCGATTGAGTGGCTGACAAAGAAAATC,4,4,yhjO; ilvD; ywhL; yqjN,BSU_10580; BSU_21870; BSU_37440; BSU_23810
GCF_000009045.1_ASM904v1_genomic.gbff,BSU_35700,tagH,-1,22,633,3674515,0.45,CATAGTGCATCCAAGCAACA,CGG,TCACACATCTTTTCA,CATAGTGCATCCAAGCAACACGGTCACACATCTTTTCA,0,0,,
GCF_000009045.1_ASM904v1_genomic.gbff,BSU_35700,tagH,-1,23,793,3674355,0.6,CGGAAACGGGCAAACGCTTC,AGG,ATCTTCTTTCTTCCT,CGGAAACGGGCAAACGCTTCAGGATCTTCTTTCTTCCT,7,7,mfd; smc; dhbF; ywnJ; uvsE; menF; fhuG,BSU_00550; BSU_15940; BSU_31960; BSU_36540; BSU_37200; BSU_30830; BSU_33300
GCF_000009045.1_ASM904v1_genomic.gbff,BSU_35700,tagH,-1,24,806,3674342,0.35,TTTCTTCTTTTTGCGGAAAC,GGG,CAAACGCTTCAGGAT,TTTCTTCTTTTTGCGGAAACGGGCAAACGCTTCAGGAT,4,4,appF; manR; dacC; cypB,BSU_11370; BSU_12000; BSU_18350; BSU_27160
GCF_000009045.1_ASM904v1_genomic.gbff,BSU_35700,tagH,-1,25,813,3674335,0.35,TCGGCTTTTTCTTCTTTTTG,CGG,AAACGGGCAAACGCT,TCGGCTTTTTCTTCTTTTTGCGGAAACGGGCAAACGCT,11,10,yefB; bifM; yhjH; bshBB; spmA; menA; conG; yerH; gerT; aadK,BSU_06740; BSU_08320; BSU_10510; BSU_19460; BSU_23180; BSU_38490; BSU_04960; BSU_06630; BSU_19490; BSU_26790
GCF_000009045.1_ASM904v1_genomic.gbff,BSU_35700,tagH,-1,26,832,3674316,0.45,ATGGCATTGGCCAGTGATTT,CGG,CTTTTTCTTCTTTTT,ATGGCATTGGCCAGTGATTTCGGCTTTTTCTTCTTTTT,3,3,ettA; ytnA; yczC,BSU_07370; BSU_30530; BSU_02710
GCF_000009045.1_ASM904v1_genomic.gbff,BSU_35700,tagH,-1,27,845,3674303,0.3,AATAGCAATTTGAATGGCAT,TGG,CCAGTGATTTCGGCT,AATAGCAATTTGAATGGCATTGGCCAGTGATTTCGGCT,3,3,rapE; yvfU; yhjO,BSU_25830; BSU_34060; BSU_10580
GCF_000009045.1_ASM904v1_genomic.gbff,BSU_35700,tagH,-1,28,851,3674297,0.25,AGACAAAATAGCAATTTGAA,TGG,CATTGGCCAGTGATT,AGACAAAATAGCAATTTGAATGGCATTGGCCAGTGATT,7,4,yobO; yqxH; yrhP; ganA,BSU_19030; BSU_25910; BSU_27100; BSU_34130
GCF_000009045.1_ASM904v1_genomic.gbff,BSU_35700,tagH,-1,29,914,3674234,0.5,CGAAGCAATTGTACGAAGCG,GGG,CATTAAAGAACATCG,CGAAGCAATTGTACGAAGCGGGGCATTAAAGAACATCG,3,3,yfkK; pepA; yodS,BSU_07870; BSU_32050; BSU_19730
GCF_000009045.1_ASM904v1_genomic.gbff,BSU_35700,tagH,-1,30,916,3674232,0.4,AACGAAGCAATTGTACGAAG,CGG,GGCATTAAAGAACAT,AACGAAGCAATTGTACGAAGCGGGGCATTAAAGAACAT,1,1,ydbC,BSU_04420
GCF_000009045.1_ASM904v1_genomic.gbff,BSU_35700,tagH,-1,31,949,3674199,0.35,TGGTTCTTCACTTCATTTTG,CGG,AATAGCGCCAAACGA,TGGTTCTTCACTTCATTTTGCGGAATAGCGCCAAACGA,10,9,ydjN; xlyB; yqxL; gmuD; ypiB; rmgR; nagA; secA; ureB,BSU_06260; BSU_12460; BSU_24740; BSU_05840; BSU_22580; BSU_30150; BSU_35010; BSU_35300; BSU_36650
GCF_000009045.1_ASM904v1_genomic.gbff,BSU_35700,tagH,-1,32,969,3674179,0.55,TGCCCTTTGCATCGCCATGA,TGG,TTCTTCACTTCATTT,TGCCCTTTGCATCGCCATGATGGTTCTTCACTTCATTT,2,2,mprF; ythB,BSU_08425; BSU_30720
GCF_000009045.1_ASM904v1_genomic.gbff,BSU_35700,tagH,-1,33,1099,3674049,0.4,ACCGTTACTTTTGTACCGAA,TGG,CAGTGTAACGTCAGC,ACCGTTACTTTTGTACCGAATGGCAGTGTAACGTCAGC,3,3,cotA; msmG; yrzQ,BSU_06300; BSU_30290; BSU_27468
GCF_000009045.1_ASM904v1_genomic.gbff,BSU_35700,tagH,-1,34,1226,3673922,0.4,GACATAAGACGTAAATGCAG,TGG,CATGCAATTCAGCGT,GACATAAGACGTAAATGCAGTGGCATGCAATTCAGCGT,2,2,yclG; bkdB,BSU_03680; BSU_24030
GCF_000009045.1_ASM904v1_genomic.gbff,BSU_35700,tagH,-1,35,1268,3673880,0.25,GAATTTCAGAAAGTATTCAT,AGG,AAGATGCTGCGTTTT,GAATTTCAGAAAGTATTCATAGGAAGATGCTGCGTTTT,2,2,proB; glpT,BSU_13120; BSU_02140
GCF_000009045.1_ASM904v1_genomic.gbff,BSU_35700,tagH,-1,36,1290,3673858,0.6,TGCTGGTGCTGCTGTCTCCT,AGG,AATTTCAGAAAGTAT,TGCTGGTGCTGCTGTCTCCTAGGAATTTCAGAAAGTAT,0,0,,
GCF_000009045.1_ASM904v1_genomic.gbff,BSU_35700,tagH,-1,37,1307,3673841,0.3,ATTCAATTTCGATTGAATGC,TGG,TGCTGCTGTCTCCTA,ATTCAATTTCGATTGAATGCTGGTGCTGCTGTCTCCTA,3,3,pksI; lipM; acoC,BSU_17170; BSU_24530; BSU_08080
GCF_000009045.1_ASM904v1_genomic.gbff,BSU_35700,tagH,-1,38,1447,3673701,0.55,GATAGTGACGCCGGGTTGAT,AGG,AGAAATGTTATGAAA,GATAGTGACGCCGGGTTGATAGGAGAAATGTTATGAAA,1,1,yunD,BSU_32370
GCF_000009045.1_ASM904v1_genomic.gbff,BSU_35700,tagH,-1,39,1455,3673693,0.5,CACTTAAGGATAGTGACGCC,GGG,TTGATAGGAGAAATG,CACTTAAGGATAGTGACGCCGGGTTGATAGGAGAAATG,2,2,yonO; asnH,BSU_21040; BSU_39920
GCF_000009045.1_ASM904v1_genomic.gbff,BSU_35700,tagH,-1,40,1469,3673679,0.35,CAATACATCGCTATCACTTA,AGG,ATAGTGACGCCGGGT,CAATACATCGCTATCACTTAAGGATAGTGACGCCGGGT,1,1,gmuD,BSU_05840
