genbank,locus_tag,gene_name,strand,n,offset,position_offset,gc,sgrna,pam,downstream,sequence,off_target_n,off_target_cds,off_target_gene,off_target_locus_tag
testdata/GCF_000009045.1_ASM904v1_genomic.gbff,BSU_00010,dnaA,1,1,21,430,0.6,GAGCAAGGGCTTGGTTCCAC,AGG,TCTAATATATTTTCC,GAGCAAGGGCTTGGTTCCACAGGTCTAATATATTTTCC,0,0,0,0
testdata/GCF_000009045.1_ASM904v1_genomic.gbff,BSU_00010,dnaA,1,2,30,439,0.45,TTTCGATTTGAGCAAGGGCT,TGG,TTCCACAGGTCTAAT,TTTCGATTTGAGCAAGGGCTTGGTTCCACAGGTCTAAT,0,0,0,0
testdata/GCF_000009045.1_ASM904v1_genomic.gbff,BSU_00010,dnaA,1,3,35,444,0.3,CTTTTTTTCGATTTGAGCAA,GGG,CTTGGTTCCACAGGT,CTTTTTTTCGATTTGAGCAAGGGCTTGGTTCCACAGGT,0,0,0,0
testdata/GCF_000009045.1_ASM904v1_genomic.gbff,BSU_00010,dnaA,1,4,67,476,0.35,TTCATCCAAGTCTCAAAACT,CGG,TTTGCTCAACTTTTT,TTCATCCAAGTCTCAAAACTCGGTTTGCTCAACTTTTT,0,0,0,0
testdata/GCF_000009045.1_ASM904v1_genomic.gbff,BSU_00010,dnaA,1,5,95,504,0.6,GCCTTGCAGTGAGTGGGCTT,TGG,TTGACTTCATCCAAG,GCCTTGCAGTGAGTGGGCTTTGGTTGACTTCATCCAAG,0,0,0,0
testdata/GCF_000009045.1_ASM904v1_genomic.gbff,BSU_00010,dnaA,1,6,101,510,0.5,TGTATCGCCTTGCAGTGAGT,GGG,CTTTGGTTGACTTCA,TGTATCGCCTTGCAGTGAGTGGGCTTTGGTTGACTTCA,0,0,0,0
testdata/GCF_000009045.1_ASM904v1_genomic.gbff,BSU_00010,dnaA,1,7,139,548,0.4,CAGTCTCTGGCAAATTCATT,GGG,AGCCGTGATTGTTAA,CAGTCTCTGGCAAATTCATTGGGAGCCGTGATTGTTAA,0,0,0,0
testdata/GCF_000009045.1_ASM904v1_genomic.gbff,BSU_00010,dnaA,1,8,152,561,0.6,TCTGGACTCCAGCCAGTCTC,TGG,CAAATTCATTGGGAG,TCTGGACTCCAGCCAGTCTCTGGCAAATTCATTGGGAG,0,0,0,0
testdata/GCF_000009045.1_ASM904v1_genomic.gbff,BSU_00010,dnaA,1,9,170,579,0.4,TGCAATCAGATGCAAGTATC,TGG,ACTCCAGCCAGTCTC,TGCAATCAGATGCAAGTATCTGGACTCCAGCCAGTCTC,0,0,0,0
testdata/GCF_000009045.1_ASM904v1_genomic.gbff,BSU_00020,dnaN,1,1,45,1983,0.25,AAACTGCTTTTAATACATCT,TGG,ACACTTTCAACAAGA,AAACTGCTTTTAATACATCTTGGACACTTTCAACAAGA,0,0,0,0
testdata/GCF_000009045.1_ASM904v1_genomic.gbff,BSU_00020,dnaN,1,2,71,2009,0.5,CAGAATGGGAATCGTGGTTC,TGG,ATGAAACTGCTTTTA,CAGAATGGGAATCGTGGTTCTGGATGAAACTGCTTTTA,0,0,0,0
testdata/GCF_000009045.1_ASM904v1_genomic.gbff,BSU_00020,dnaN,1,3,77,2015,0.5,ACCAGTCAGAATGGGAATCG,TGG,TTCTGGATGAAACTG,ACCAGTCAGAATGGGAATCGTGGTTCTGGATGAAACTG,0,0,0,0
testdata/GCF_000009045.1_ASM904v1_genomic.gbff,BSU_00020,dnaN,1,4,85,2023,0.25,ATTTTAATACCAGTCAGAAT,GGG,AATCGTGGTTCTGGA,ATTTTAATACCAGTCAGAATGGGAATCGTGGTTCTGGA,0,0,0,0
testdata/GCF_000009045.1_ASM904v1_genomic.gbff,BSU_00020,dnaN,1,5,131,2069,0.45,ATCTGAGTCACTCCCTGTAA,AGG,ATACTCCATCATCTG,ATCTGAGTCACTCCCTGTAAAGGATACTCCATCATCTG,0,0,0,0
testdata/GCF_000009045.1_ASM904v1_genomic.gbff,BSU_00020,dnaN,1,6,167,2105,0.35,TCCTTCTTCTTTTGGAATGA,AGG,ATTCAATAGAAATAT,TCCTTCTTCTTTTGGAATGAAGGATTCAATAGAAATAT,0,0,0,0
testdata/GCF_000009045.1_ASM904v1_genomic.gbff,BSU_00020,dnaN,1,7,175,2113,0.3,TCTTTATCTCCTTCTTCTTT,TGG,AATGAAGGATTCAAT,TCTTTATCTCCTTCTTCTTTTGGAATGAAGGATTCAAT,0,0,0,0
testdata/GCF_000009045.1_ASM904v1_genomic.gbff,BSU_00030,rlbA,1,1,13,3218,0.25,ATCTCTGTATCAATTGAAAT,CGG,ATTTGCCATTATATC,ATCTCTGTATCAATTGAAATCGGATTTGCCATTATATC,0,0,0,0
testdata/GCF_000009045.1_ASM904v1_genomic.gbff,BSU_00030,rlbA,1,2,65,3270,0.5,ACCGCCAGACTGAATCACAT,CGG,CTAATTTTAAGAATT,ACCGCCAGACTGAATCACATCGGCTAATTTTAAGAATT,0,0,0,0
testdata/GCF_000009045.1_ASM904v1_genomic.gbff,BSU_00030,rlbA,1,3,136,3341,0.65,TTTCTGCCCCGGCGGTTGTC,CGG,CTCATCGTTCACAAG,TTTCTGCCCCGGCGGTTGTCCGGCTCATCGTTCACAAG,0,0,0,0
testdata/GCF_000009045.1_ASM904v1_genomic.gbff,BSU_00030,rlbA,1,4,144,3349,0.6,CATACAGCTTTCTGCCCCGG,CGG,TTGTCCGGCTCATCG,CATACAGCTTTCTGCCCCGGCGGTTGTCCGGCTCATCG,0,0,0,0
testdata/GCF_000009045.1_ASM904v1_genomic.gbff,BSU_00030,rlbA,1,5,147,3352,0.5,CAACATACAGCTTTCTGCCC,CGG,CGGTTGTCCGGCTCA,CAACATACAGCTTTCTGCCCCGGCGGTTGTCCGGCTCA,0,0,0,0
testdata/GCF_000009045.1_ASM904v1_genomic.gbff,BSU_00040,recF,1,1,12,3448,0.35,AAGATGTCAGTTCTAAGTTC,TGG,ATATACAATCAGTGT,AAGATGTCAGTTCTAAGTTCTGGATATACAATCAGTGT,0,0,0,0
testdata/GCF_000009045.1_ASM904v1_genomic.gbff,BSU_00040,recF,1,2,36,3472,0.5,GTTCAGCATGGTCGTAGTTG,CGG,TAAGATGTCAGTTCT,GTTCAGCATGGTCGTAGTTGCGGTAAGATGTCAGTTCT,0,0,0,0
testdata/GCF_000009045.1_ASM904v1_genomic.gbff,BSU_00040,recF,1,3,48,3484,0.3,TTTCAAATTGAAGTTCAGCA,TGG,TCGTAGTTGCGGTAA,TTTCAAATTGAAGTTCAGCATGGTCGTAGTTGCGGTAA,0,0,0,0
testdata/GCF_000009045.1_ASM904v1_genomic.gbff,BSU_00040,recF,1,4,101,3537,0.5,CATGAGGTTTGTCTTCCCCT,GGG,CGTTTTCTCCGATGA,CATGAGGTTTGTCTTCCCCTGGGCGTTTTCTCCGATGA,0,0,0,0
testdata/GCF_000009045.1_ASM904v1_genomic.gbff,BSU_00040,recF,1,5,117,3553,0.5,AGACATAGATCGCCTCCATG,AGG,TTTGTCTTCCCCTGG,AGACATAGATCGCCTCCATGAGGTTTGTCTTCCCCTGG,0,0,0,0
testdata/GCF_000009045.1_ASM904v1_genomic.gbff,BSU_00040,recF,1,6,143,3579,0.6,TGTCCGGTGCGATTTCGCCA,TGG,ACAAGACATAGATCG,TGTCCGGTGCGATTTCGCCATGGACAAGACATAGATCG,0,0,0,0
testdata/GCF_000009045.1_ASM904v1_genomic.gbff,BSU_00040,recF,1,7,159,3595,0.35,GTTCTTTGTCATTTGATGTC,CGG,TGCGATTTCGCCATG,GTTCTTTGTCATTTGATGTCCGGTGCGATTTCGCCATG,0,0,0,0
